"","name","length","score","pvalue"
"1","Bacteria_NZ_CP030047_1_length_1524315_cov_32.542514",1524315,0.0179051554343969,0.635459616783895
"2","Bacteria_NZ_CP030047_2_length_1237435_cov_32.733700",1237435,0.00965197649652887,0.728959495512976
"3","Bacteria_NZ_CP030047_3_length_951071_cov_32.735634",951071,0.0123619616385263,0.693184574339074
"4","Bacteria_NZ_CP030047_4_length_843164_cov_32.007915",843164,0.0135165921603531,0.679238418627213
"5","Bacteria_NZ_CP030047_5_length_717793_cov_33.074667",717793,0.0115780916712811,0.70325006063546
"6","Bacteria_NZ_CP030047_6_length_516595_cov_31.958572",516595,0.00877083418691392,0.744603444094106
"7","Bacteria_NZ_CP030047_7_length_445074_cov_32.355908",445074,0.0101575885586631,0.723017220470531
"8","Bacteria_NZ_CP030047_8_length_363389_cov_32.173386",363389,0.0103659017769639,0.720349260247393
"9","Bacteria_NZ_CP030047_9_length_352219_cov_32.742833",352219,0.0124981366975,0.691850594227504
"10","Bacteria_NZ_CP030047_10_length_342938_cov_32.194130",342938,0.00794056699586731,0.759155954402134
"11","Bacteria_NZ_CP030047_11_length_286447_cov_32.653475",286447,0.0196779518043092,0.617875333495028
"12","Bacteria_NZ_CP030047_12_length_261759_cov_32.324344",261759,0.0707638640657061,0.394009216589862
"13","Bacteria_NZ_CP030047_13_length_249429_cov_33.638242",249429,0.0115374280735068,0.703856415231627
"14","Bacteria_NZ_CP030047_14_length_215781_cov_31.959898",215781,0.0314961792405018,0.535532379335435
"15","Bacteria_NZ_CP030047_15_length_185499_cov_33.012311",185499,0.0375695595410761,0.501333980111569
"16","Bacteria_NZ_CP030047_16_length_178605_cov_32.157424",178605,0.00841656760555718,0.749696822701916
"17","Bacteria_NZ_CP030047_17_length_136781_cov_32.610330",136781,0.0388775298133827,0.49490662139219
"18","Bacteria_NZ_CP030047_18_length_119584_cov_32.746313",119584,0.0468050533738455,0.46361872422993
"19","Bacteria_NZ_CP030047_19_length_106411_cov_31.591024",106411,0.00952654288599871,0.731869997574582
"20","Bacteria_NZ_CP030047_20_length_91941_cov_31.176719",91941,0.0648748150844101,0.406257579432452
"21","Bacteria_NZ_CP030047_21_length_51723_cov_32.612720",51723,0.00902445821492753,0.740722774678632
"22","Bacteria_NZ_CP030047_22_length_47525_cov_32.667601",47525,0.00902542331257781,0.740722774678632
"23","Bacteria_NZ_CP030047_23_length_3179_cov_65.352433",3179,0.000641665971155959,0.958767887460587
"24","Bacteria_NZ_CP030047_24_length_2751_cov_97.200668",2751,0.165767617076773,0.427871008889066
"25","Bacteria_NZ_CP030047_25_length_1666_cov_64.721291",1666,0.178539635271195,0.409694263961414
"26","Bacteria_NZ_CP040094_1_length_247159_cov_17.324879",247159,0.0433396683827885,0.476837254426389
"27","Bacteria_NZ_CP040094_2_length_215264_cov_14.529978",215264,0.0381083624826718,0.498059665292263
"28","Bacteria_NZ_CP040094_3_length_170062_cov_16.475022",170062,0.046946499646391,0.463254911472229
"29","Bacteria_NZ_CP040094_4_length_164044_cov_13.790157",164044,0.101173224796162,0.333131215134611
"30","Bacteria_NZ_CP040094_5_length_162226_cov_13.662128",162226,0.0631554736404544,0.410138248847926
"31","Bacteria_NZ_CP040094_6_length_157949_cov_13.594107",157949,0.0713636075614635,0.392068881882125
"32","Bacteria_NZ_CP040094_7_length_148978_cov_13.955252",148978,0.08672185358136,0.360538442881397
"33","Bacteria_NZ_CP040094_8_length_148875_cov_14.140680",148875,0.129499454820592,0.292262915352898
"34","Bacteria_NZ_CP040094_9_length_139129_cov_13.670348",139129,0.0368704901042016,0.506306087800146
"35","Bacteria_NZ_CP040094_10_length_137210_cov_13.704903",137210,0.0531149062930323,0.442760126121756
"36","Bacteria_NZ_CP040094_11_length_128900_cov_17.598293",128900,0.0917337193550861,0.350472956585011
"37","Bacteria_NZ_CP040094_12_length_128041_cov_13.788782",128041,0.0844393057024501,0.365268008731506
"38","Bacteria_NZ_CP040094_13_length_126962_cov_13.739707",126962,0.0977334047708985,0.339316032015523
"39","Bacteria_NZ_CP040094_14_length_126871_cov_13.912133",126871,0.091359518007672,0.350836769342712
"40","Bacteria_NZ_CP040094_15_length_120484_cov_19.006826",120484,0.0374055536399694,0.502304147465438
"41","Bacteria_NZ_CP040094_16_length_115018_cov_13.188713",115018,0.105560685058453,0.326218772738297
"42","Bacteria_NZ_CP040094_17_length_113253_cov_22.110258",113253,0.0823025680377869,0.370118845500849
"43","Bacteria_NZ_CP040094_18_length_111447_cov_16.637748",111447,0.0953393665288254,0.343681785107931
"44","Bacteria_NZ_CP040094_19_length_109441_cov_18.971029",109441,0.0732671232473656,0.38818821246665
"45","Bacteria_NZ_CP040094_20_length_106335_cov_13.777917",106335,0.0566901315933911,0.430511763279166
"46","Bacteria_NZ_CP040094_21_length_102754_cov_14.091978",102754,0.0717199200424826,0.39158379820519
"47","Bacteria_NZ_CP040094_22_length_101360_cov_13.434292",101360,0.0532996438448154,0.442153771525588
"48","Bacteria_NZ_CP040094_23_length_94797_cov_13.252190",94797,0.0332868450701023,0.525345622119816
"49","Bacteria_NZ_CP040094_24_length_94011_cov_13.941419",94011,0.153840711420564,0.264370603929178
"50","Bacteria_NZ_CP040094_25_length_93487_cov_18.466435",93487,0.0560215103445453,0.43269463982537
"51","Bacteria_NZ_CP040094_26_length_88432_cov_13.472940",88432,0.121616355364467,0.302570943487752
"52","Bacteria_NZ_CP040094_27_length_87084_cov_18.095784",87084,0.128875207784531,0.2929905408683
"53","Bacteria_NZ_CP040094_28_length_85786_cov_13.146633",85786,0.071630445033277,0.391705069124424
"54","Bacteria_NZ_CP040094_29_length_82255_cov_13.985231",82255,0.06319133509856,0.410138248847926
"55","Bacteria_NZ_CP040094_30_length_81045_cov_13.140449",81045,0.0225887052453503,0.596167838952219
"56","Bacteria_NZ_CP040094_31_length_78722_cov_14.211219",78722,0.103171526192622,0.329856900315304
"57","Bacteria_NZ_CP040094_32_length_76360_cov_13.891501",76360,0.0400274779945782,0.490904681057482
"58","Bacteria_NZ_CP040094_33_length_75335_cov_13.533634",75335,0.03685138665975,0.506306087800146
"59","Bacteria_NZ_CP040094_34_length_71574_cov_14.542961",71574,0.0805394341275627,0.37424205675479
"60","Bacteria_NZ_CP040094_35_length_70420_cov_13.400625",70420,0.088819833240352,0.356779044385156
"61","Bacteria_NZ_CP040094_36_length_70398_cov_13.599235",70398,0.0234585270684374,0.587800145525103
"62","Bacteria_NZ_CP040094_37_length_70140_cov_21.216694",70140,0.0510732674247687,0.449066213921902
"63","Bacteria_NZ_CP040094_38_length_64018_cov_13.171333",64018,0.0881787325490979,0.358234295415959
"64","Bacteria_NZ_CP040094_39_length_59038_cov_13.128088",59038,0.200629967634927,0.223744845985933
"65","Bacteria_NZ_CP040094_40_length_57529_cov_13.361642",57529,0.0514725367686304,0.448459859325734
"66","Bacteria_NZ_CP040094_41_length_57434_cov_13.584168",57434,0.0361487393998254,0.510429299054087
"67","Bacteria_NZ_CP040094_42_length_56331_cov_13.890166",56331,0.158248329272629,0.261217560029105
"68","Bacteria_NZ_CP040094_43_length_56260_cov_23.828930",56260,0.0495610804845251,0.454038321610478
"69","Bacteria_NZ_CP040094_44_length_55126_cov_14.103830",55126,0.0451852255611939,0.469803541110842
"70","Bacteria_NZ_CP040094_45_length_53769_cov_14.553766",53769,0.113256999913796,0.315183119088043
"71","Bacteria_NZ_CP040094_46_length_52520_cov_13.455256",52520,0.0888192264384803,0.356779044385156
"72","Bacteria_NZ_CP040094_47_length_51801_cov_13.200344",51801,0.0432813347776006,0.477079796264856
"73","Bacteria_NZ_CP040094_48_length_51335_cov_24.124863",51335,0.135931014858423,0.283652680087315
"74","Bacteria_NZ_CP040094_49_length_49783_cov_15.979348",49783,0.293298255377025,0.164685908319185
"75","Bacteria_NZ_CP040094_50_length_49663_cov_13.495646",49663,0.0605481219486443,0.419597380548145
"76","Bacteria_NZ_CP040094_51_length_49017_cov_12.888526",49017,0.133424945687947,0.286563182148921
"77","Bacteria_NZ_CP040094_52_length_48976_cov_13.906625",48976,0.0426507057562924,0.479869027407228
"78","Bacteria_NZ_CP040094_53_length_48916_cov_25.801334",48916,0.0357139271004419,0.512733446519525
"79","Bacteria_NZ_CP040094_54_length_48820_cov_34.046632",48820,0.08415788851256,0.365995634246908
"80","Bacteria_NZ_CP040094_55_length_48580_cov_27.086698",48580,0.0591826890323269,0.422992966286684
"81","Bacteria_NZ_CP040094_56_length_48255_cov_13.890249",48255,0.0738234784213586,0.387703128789716
"82","Bacteria_NZ_CP040094_57_length_48011_cov_24.657770",48011,0.0358425959361232,0.512005821004123
"83","Bacteria_NZ_CP040094_58_length_47653_cov_36.707929",47653,0.0547584991717877,0.437545476594713
"84","Bacteria_NZ_CP040094_59_length_47500_cov_15.732406",47500,0.108524502562316,0.320761581372787
"85","Bacteria_NZ_CP040094_60_length_47306_cov_23.560390",47306,0.0709011710730683,0.393645403832161
"86","Bacteria_NZ_CP040094_61_length_42692_cov_14.244670",42692,0.0310298984257818,0.538321610477807
"87","Bacteria_NZ_CP040094_62_length_42390_cov_13.967497",42390,0.123508278098177,0.30014552510308
"88","Bacteria_NZ_CP040094_63_length_42334_cov_13.821897",42334,0.0108640297238216,0.712709192335678
"89","Bacteria_NZ_CP040094_64_length_42263_cov_12.291414",42263,0.0632701659139625,0.410016977928693
"90","Bacteria_NZ_CP040094_65_length_41899_cov_12.794212",41899,0.110598606224157,0.318214892068882
"91","Bacteria_NZ_CP040094_66_length_40797_cov_13.763684",40797,0.0376885488723814,0.500606354596168
"92","Bacteria_NZ_CP040094_67_length_40663_cov_23.364534",40663,0.0735961346784722,0.38782439970895
"93","Bacteria_NZ_CP040094_68_length_39781_cov_27.080703",39781,0.0873058706304396,0.359083191850594
"94","Bacteria_NZ_CP040094_69_length_38801_cov_13.786017",38801,0.260585923904358,0.183361629881155
"95","Bacteria_NZ_CP040094_70_length_37006_cov_44.520338",37006,0.0612719405443591,0.41741450400194
"96","Bacteria_NZ_CP040094_71_length_36899_cov_28.696314",36899,0.0244738474862385,0.579068639340286
"97","Bacteria_NZ_CP040094_72_length_36406_cov_13.162609",36406,0.294825832889887,0.164079553723017
"98","Bacteria_NZ_CP040094_73_length_36182_cov_39.979821",36182,0.0250315025361879,0.575187969924812
"99","Bacteria_NZ_CP040094_74_length_35714_cov_19.312964",35714,0.154569051386788,0.263885520252243
"100","Bacteria_NZ_CP040094_75_length_35528_cov_23.729343",35528,0.0811450009862876,0.372301722047053
"101","Bacteria_NZ_CP040094_76_length_35491_cov_13.110340",35491,0.118650022314961,0.306694154741693
"102","Bacteria_NZ_CP040094_77_length_34961_cov_13.985447",34961,0.0936070563907392,0.346834829008004
"103","Bacteria_NZ_CP040094_78_length_34748_cov_13.992419",34748,0.0327503870857342,0.528256124181421
"104","Bacteria_NZ_CP040094_79_length_34635_cov_15.826489",34635,0.133446891825926,0.286563182148921
"105","Bacteria_NZ_CP040094_80_length_34445_cov_30.092556",34445,0.110279032402797,0.318578704826583
"106","Bacteria_NZ_CP040094_81_length_34378_cov_13.463101",34378,0.0935581089481873,0.346834829008004
"107","Bacteria_NZ_CP040094_82_length_34178_cov_13.459162",34178,0.0430379501535761,0.478413776376425
"108","Bacteria_NZ_CP040094_83_length_33996_cov_15.768481",33996,0.157377954311627,0.26206645646374
"109","Bacteria_NZ_CP040094_84_length_33092_cov_13.580924",33092,0.062049122904592,0.414261460101868
"110","Bacteria_NZ_CP040094_85_length_32276_cov_16.726948",32276,0.0536912538460961,0.441426146010187
"111","Bacteria_NZ_CP040094_86_length_31760_cov_13.706829",31760,0.25154814711597,0.189061363085132
"112","Bacteria_NZ_CP040094_87_length_30929_cov_12.838764",30929,0.0184709132510189,0.629881154499151
"113","Bacteria_NZ_CP040094_88_length_28997_cov_13.212114",28997,0.0502583894173859,0.451491632306573
"114","Bacteria_NZ_CP040094_89_length_28484_cov_13.135460",28484,0.0179169682950527,0.635217074945428
"115","Bacteria_NZ_CP040094_90_length_28111_cov_28.732321",28111,0.0466422623444427,0.464346349745331
"116","Bacteria_NZ_CP040094_91_length_27948_cov_13.401463",27948,0.342018703563361,0.141644433664807
"117","Bacteria_NZ_CP040094_92_length_27921_cov_15.081354",27921,0.14194186170164,0.27734659228717
"118","Bacteria_NZ_CP040094_93_length_26967_cov_34.735620",26967,0.0258570306087468,0.571428571428571
"119","Bacteria_NZ_CP040094_94_length_26384_cov_13.460443",26384,0.0588514917975886,0.423599320882852
"120","Bacteria_NZ_CP040094_95_length_26292_cov_13.756679",26292,0.0377845873870119,0.5
"121","Bacteria_NZ_CP040094_96_length_26266_cov_15.573919",26266,0.113761644206106,0.314698035411108
"122","Bacteria_NZ_CP040094_97_length_24293_cov_13.555945",24293,0.0389014975834469,0.49490662139219
"123","Bacteria_NZ_CP040094_98_length_23929_cov_13.519226",23929,0.128936007321309,0.292869269949066
"124","Bacteria_NZ_CP040094_99_length_23708_cov_17.602587",23708,0.216987843704177,0.209313606597138
"125","Bacteria_NZ_CP040094_100_length_23570_cov_14.779375",23570,0.122715797809448,0.30147950521465
"126","Bacteria_NZ_CP040094_101_length_23011_cov_37.973689",23011,0.0778575216706327,0.379941789958768
"127","Bacteria_NZ_CP040094_102_length_22946_cov_14.712114",22946,0.032826177763328,0.528013582342954
"128","Bacteria_NZ_CP040094_103_length_21979_cov_13.552545",21979,0.0251535083704719,0.575066699005578
"129","Bacteria_NZ_CP040094_104_length_21525_cov_13.543596",21525,0.0405484555222029,0.488721804511278
"130","Bacteria_NZ_CP040094_105_length_21219_cov_13.562606",21219,0.216563285454624,0.209798690274072
"131","Bacteria_NZ_CP040094_106_length_20397_cov_13.875774",20397,0.519154500472592,0.0831918505942275
"132","Bacteria_NZ_CP040094_107_length_19788_cov_41.716972",19788,0.0418608485851639,0.483628425903468
"133","Bacteria_NZ_CP040094_108_length_19678_cov_12.904755",19678,0.113049155866576,0.315789473684211
"134","Bacteria_NZ_CP040094_109_length_19422_cov_19.962875",19422,0.187977887401215,0.233931603201552
"135","Bacteria_NZ_CP040094_110_length_19382_cov_13.710250",19382,0.149763471309158,0.269100169779287
"136","Bacteria_NZ_CP040094_111_length_19231_cov_12.678452",19231,0.140921731404465,0.278801843317972
"137","Bacteria_NZ_CP040094_112_length_19193_cov_13.321350",19193,0.152482670776187,0.266432209556148
"138","Bacteria_NZ_CP040094_113_length_17999_cov_52.675045",17999,0.30731891089676,0.15837982051904
"139","Bacteria_NZ_CP040094_114_length_17612_cov_12.580794",17612,0.129661806293992,0.292141644433665
"140","Bacteria_NZ_CP040094_115_length_17483_cov_13.843700",17483,0.301278805115013,0.161047780742178
"141","Bacteria_NZ_CP040094_116_length_17181_cov_13.520320",17181,0.0225555375111898,0.596410380790686
"142","Bacteria_NZ_CP040094_117_length_16979_cov_19.940912",16979,0.0488839306417919,0.455736114479748
"143","Bacteria_NZ_CP040094_118_length_16456_cov_20.458265",16456,0.473603686792755,0.0949551297598836
"144","Bacteria_NZ_CP040094_119_length_16143_cov_14.236885",16143,0.0389731212507269,0.494664079553723
"145","Bacteria_NZ_CP040094_120_length_15810_cov_13.410473",15810,0.114353142606949,0.313606597138006
"146","Bacteria_NZ_CP040094_121_length_15222_cov_62.023406",15222,0.0394206681991216,0.493087557603687
"147","Bacteria_NZ_CP040094_122_length_14505_cov_13.168166",14505,0.096026319898173,0.342590346834829
"148","Bacteria_NZ_CP040094_123_length_14401_cov_13.214485",14401,0.127185023741374,0.295415959252971
"149","Bacteria_NZ_CP040094_124_length_14091_cov_12.304004",14091,0.0468321115114064,0.463497453310696
"150","Bacteria_NZ_CP040094_125_length_14060_cov_16.796216",14060,0.542123319491697,0.0783410138248848
"151","Bacteria_NZ_CP040094_126_length_13876_cov_14.012372",13876,0.111479721418544,0.317244724715013
"152","Bacteria_NZ_CP040094_127_length_13812_cov_13.761358",13812,0.030683199069748,0.540625757943245
"153","Bacteria_NZ_CP040094_128_length_13638_cov_12.735036",13638,0.0469802467682272,0.463133640552995
"154","Bacteria_NZ_CP040094_129_length_13633_cov_14.232435",13633,0.187244571064914,0.234295415959253
"155","Bacteria_NZ_CP040094_130_length_13000_cov_48.357744",13000,0.321000378805478,0.153165170991996
"156","Bacteria_NZ_CP040094_131_length_12995_cov_14.952550",12995,0.0594430075641301,0.422629153528984
"157","Bacteria_NZ_CP040094_132_length_12894_cov_14.944622",12894,0.053388785459084,0.442032500606355
"158","Bacteria_NZ_CP040094_133_length_11599_cov_32.254938",11599,0.136247507933735,0.283167596410381
"159","Bacteria_NZ_CP040094_134_length_11310_cov_14.737717",11310,0.0284009479981073,0.555178268251273
"160","Bacteria_NZ_CP040094_135_length_11090_cov_14.185229",11090,0.0651391018877671,0.405772495755518
"161","Bacteria_NZ_CP040094_136_length_10937_cov_65.095479",10937,0.190797163429668,0.231748726655348
"162","Bacteria_NZ_CP040094_137_length_10338_cov_13.763979",10338,0.0279349833729857,0.558331312151346
"163","Bacteria_NZ_CP040094_138_length_9822_cov_25.866899",9822,0.0414923834571273,0.484962406015038
"164","Bacteria_NZ_CP040094_139_length_9441_cov_13.447795",9441,0.0301637906940556,0.543051176327917
"165","Bacteria_NZ_CP040094_140_length_9342_cov_14.455906",9342,0.0129395421097897,0.686393402861994
"166","Bacteria_NZ_CP040094_141_length_9302_cov_14.060885",9302,0.00949269338259107,0.732961435847684
"167","Bacteria_NZ_CP040094_142_length_9300_cov_14.212980",9300,0.0303657958656359,0.542323550812515
"168","Bacteria_NZ_CP040094_143_length_9003_cov_13.204738",9003,0.177538530139631,0.243148193063303
"169","Bacteria_NZ_CP040094_144_length_8889_cov_22.322164",8889,0.122597284363631,0.30147950521465
"170","Bacteria_NZ_CP040094_145_length_8883_cov_14.079293",8883,0.484938856873516,0.0916808149405773
"171","Bacteria_NZ_CP040094_146_length_8539_cov_14.259194",8539,0.251519048683212,0.189061363085132
"172","Bacteria_NZ_CP040094_147_length_8192_cov_13.480644",8192,0.0440968571010487,0.473926752364783
"173","Bacteria_NZ_CP040094_148_length_8154_cov_15.360291",8154,0.0831305636053304,0.368057239873878
"174","Bacteria_NZ_CP040094_149_length_8126_cov_14.884277",8126,0.120133227006754,0.304632549114722
"175","Bacteria_NZ_CP040094_150_length_7960_cov_13.047691",7960,0.110495396951889,0.318336162988115
"176","Bacteria_NZ_CP040094_151_length_7668_cov_23.680678",7668,0.495460684417476,0.089497938394373
"177","Bacteria_NZ_CP040094_152_length_7400_cov_90.048468",7400,0.0320220437854769,0.53262187727383
"178","Bacteria_NZ_CP040094_153_length_6339_cov_17.044717",6339,0.0346899187616999,0.518675721561969
"179","Bacteria_NZ_CP040094_154_length_5951_cov_108.218284",5951,0.0205690663710995,0.609992723744846
"180","Bacteria_NZ_CP040094_155_length_5532_cov_14.023736",5532,0.0225028513135845,0.596652922629153
"181","Bacteria_NZ_CP040094_156_length_5388_cov_21.111007",5388,0.44062798514389,0.105626970652438
"182","Bacteria_NZ_CP040094_157_length_5302_cov_14.013150",5302,0.10832995872876,0.321367935968955
"183","Bacteria_NZ_CP040094_158_length_5251_cov_11.417821",5251,0.0856941370556232,0.362842590346835
"184","Bacteria_NZ_CP040094_159_length_5194_cov_49.798210",5194,0.104501978494949,0.328037836526801
"185","Bacteria_NZ_CP040094_160_length_4704_cov_16.502259",4704,0.30040751720676,0.161896677176813
"186","Bacteria_NZ_CP040094_161_length_4346_cov_13.576556",4346,0.885124280308225,0.0152801358234295
"187","Bacteria_NZ_CP040094_162_length_4231_cov_16.265086",4231,0.700149165640839,0.0459616783895222
"188","Bacteria_NZ_CP040094_163_length_3809_cov_23.179808",3809,0.11677950619906,0.309483385884065
"189","Bacteria_NZ_CP040094_164_length_3791_cov_14.052730",3791,0.0723237698569419,0.390492359932088
"190","Bacteria_NZ_CP040094_165_length_3688_cov_13.272227",3688,0.0287059363389746,0.552631578947368
"191","Bacteria_NZ_CP040094_166_length_3679_cov_10.871965",3679,0.827791363695912,0.0246179966044143
"192","Bacteria_NZ_CP040094_167_length_3561_cov_14.289504",3561,0.161526297100048,0.2586708707252
"193","Bacteria_NZ_CP040094_168_length_3459_cov_13.371622",3459,0.0135370470942215,0.67911714770798
"194","Bacteria_NZ_CP040094_169_length_3454_cov_177.325978",3454,0.148137073782763,0.271040504487024
"195","Bacteria_NZ_CP040094_170_length_3309_cov_13.929010",3309,0.43756976636663,0.106839679844773
"196","Bacteria_NZ_CP040094_171_length_3227_cov_12.401955",3227,0.00181474483419824,0.906500121270919
"197","Bacteria_NZ_CP040094_172_length_3216_cov_13.488453",3216,0.221538479163623,0.205918020858598
"198","Bacteria_NZ_CP040094_173_length_3199_cov_11.309478",3199,0.171644258794073,0.248362842590347
"199","Bacteria_NZ_CP040094_174_length_2879_cov_30.290368",2879,0.330184173726333,0.255311515924582
"200","Bacteria_NZ_CP040094_175_length_2527_cov_25.586165",2527,0.543740278746033,0.134970303344362
"201","Bacteria_NZ_CP040094_176_length_2398_cov_15.440034",2398,0.0699965847812936,0.618288356519313
"202","Bacteria_NZ_CP040094_177_length_2205_cov_17.229302",2205,0.0134421703525976,0.877466416869295
"203","Bacteria_NZ_CP040094_178_length_2183_cov_25.533365",2183,0.820546702295782,0.0379080798820106
"204","Bacteria_NZ_CP040094_179_length_2153_cov_37.438990",2153,0.231524444515195,0.344401482839718
"205","Bacteria_NZ_CP040094_180_length_2102_cov_14.532975",2102,0.545671685255361,0.13437238410332
"206","Bacteria_NZ_CP040094_181_length_2093_cov_14.388126",2093,0.715607734252719,0.0700362737672898
"207","Bacteria_NZ_CP040094_182_length_1940_cov_12.608488",1940,0.808298983716277,0.0414158727627855
"208","Bacteria_NZ_CP040094_183_length_1616_cov_16.588085",1616,0.746645625370941,0.0604297046278949
"209","Bacteria_NZ_CP040094_184_length_1566_cov_13.571145",1566,0.183001799708554,0.40323673615817
"210","Bacteria_NZ_CP040094_185_length_1546_cov_25.682093",1546,0.832509220879538,0.0349583449595408
"211","Bacteria_NZ_CP040094_186_length_1509_cov_24.682256",1509,0.263232203575647,0.313190098457368
"212","Bacteria_NZ_CP040094_187_length_1504_cov_65.904072",1504,0.493639351709398,0.159006656834217
"213","Bacteria_NZ_CP040094_188_length_1473_cov_12.180536",1473,0.513285800884679,0.149679116673975
"214","Bacteria_NZ_CP040094_189_length_1437_cov_70.646165",1437,0.519328785013791,0.147088133296129
"215","Bacteria_NZ_CP040094_190_length_1412_cov_23.084746",1412,0.445257325769163,0.182524813648503
"216","Bacteria_NZ_CP040094_191_length_1324_cov_121.944050",1324,0.929424653735436,0.0100849045322278
"217","Bacteria_NZ_CP040094_192_length_1184_cov_11.598760",1184,0.0762933428786992,0.599912305177981
"218","Bacteria_NZ_CP040094_193_length_1182_cov_13.590949",1182,0.0333945294418298,0.759636465101447
"219","Bacteria_NZ_CP040094_194_length_1143_cov_72.527574",1143,0.2357019363492,0.340176186869693
"220","Bacteria_NZ_CP040094_195_length_1045_cov_230.488889",1045,0.31203725213231,0.269701438992307
"221","Bacteria_NZ_CP040094_196_length_1004_cov_12.473130",1004,0.393083251838653,0.21214174672141
"222","Bacteria_NZ_CP041372_1_length_344661_cov_83.431783",344661,0.0721890179098385,0.390856172689789
"223","Bacteria_NZ_CP041372_2_length_321916_cov_83.182190",321916,0.0872838187611952,0.359083191850594
"224","Bacteria_NZ_CP041372_3_length_290331_cov_82.686188",290331,0.0752864237583332,0.385035168566578
"225","Prophage_NZ_CP041372_4_length_281070_cov_82.615700",281070,0.154239283572747,0.264006791171477
"226","Bacteria_NZ_CP041372_5_length_230775_cov_85.387353",230775,0.132545446060028,0.287533349502789
"227","Bacteria_NZ_CP041372_6_length_192657_cov_83.221991",192657,0.165151356479281,0.25527528498666
"228","Bacteria_NZ_CP041372_7_length_165695_cov_83.186489",165695,0.0788947387060113,0.377758913412564
"229","Bacteria_NZ_CP041372_8_length_155355_cov_83.695654",155355,0.121069752273018,0.303419839922387
"230","Bacteria_NZ_CP041372_9_length_147928_cov_83.273147",147928,0.140114569241365,0.279650739752607
"231","Bacteria_NZ_CP041372_10_length_127598_cov_81.750939",127598,0.130051974296153,0.291050206160563
"232","Bacteria_NZ_CP041372_11_length_123877_cov_83.317230",123877,0.0606564684996917,0.419233567790444
"233","Bacteria_NZ_CP041372_12_length_119779_cov_84.343298",119779,0.0329376482397293,0.527649769585253
"234","Bacteria_NZ_CP041372_13_length_113748_cov_83.339106",113748,0.0761749586152088,0.383094833858841
"235","Bacteria_NZ_CP041372_14_length_113140_cov_82.684255",113140,0.115195413968456,0.311787533349503
"236","Bacteria_NZ_CP041372_15_length_112979_cov_82.730633",112979,0.0682489204586342,0.398981324278438
"237","Bacteria_NZ_CP041372_16_length_108331_cov_83.426798",108331,0.125342549245464,0.297720106718409
"238","Bacteria_NZ_CP041372_17_length_71919_cov_81.774268",71919,0.117722082329181,0.307906863934029
"239","Bacteria_NZ_CP041372_18_length_66679_cov_83.842534",66679,0.024157713505492,0.581736599563425
"240","Bacteria_NZ_CP041372_19_length_59877_cov_82.916369",59877,0.0588982766916077,0.423599320882852
"241","Bacteria_NZ_CP041372_20_length_59422_cov_83.498408",59422,0.0691227785307895,0.397040989570701
"242","Bacteria_NZ_CP041372_21_length_59358_cov_82.491274",59358,0.200819171521007,0.223744845985933
"243","Bacteria_NZ_CP041372_22_length_57473_cov_82.304034",57473,0.079847395168477,0.375697307785593
"244","Bacteria_NZ_CP041372_23_length_56640_cov_84.555801",56640,0.070290715442158,0.39461557118603
"245","Bacteria_NZ_CP041372_24_length_54085_cov_81.756691",54085,0.0580144848437524,0.426873635702159
"246","Bacteria_NZ_CP041372_25_length_52888_cov_82.240210",52888,0.068846587897312,0.397526073247635
"247","Bacteria_NZ_CP041372_26_length_47059_cov_82.507276",47059,0.477884385953007,0.093984962406015
"248","Bacteria_NZ_CP041372_27_length_42573_cov_82.315608",42573,0.205841794246153,0.219742905651225
"249","Bacteria_NZ_CP041372_28_length_31632_cov_166.615670",31632,0.96546686295424,0.00557846228474412
"250","Bacteria_NZ_CP041372_29_length_28298_cov_85.626810",28298,0.07487731895988,0.385884065001213
"251","Bacteria_NZ_CP041372_30_length_26351_cov_81.961401",26351,0.0605612626520224,0.419597380548145
"252","Bacteria_NZ_CP041372_31_length_26285_cov_81.192337",26285,0.119107537867836,0.305966529226292
"253","Bacteria_NZ_CP041372_32_length_25153_cov_82.607618",25153,0.0501394825305462,0.451855445064274
"254","Bacteria_NZ_CP041372_33_length_23140_cov_83.116872",23140,0.213063726623106,0.212466650497211
"255","Bacteria_NZ_CP041372_34_length_20639_cov_85.502769",20639,0.0173580479223976,0.640795537230172
"256","Bacteria_NZ_CP041372_35_length_19237_cov_80.087009",19237,0.0470916234762744,0.462891098714528
"257","Bacteria_NZ_CP041372_36_length_18424_cov_81.923458",18424,0.202618846822122,0.222410865874363
"258","Bacteria_NZ_CP041372_37_length_15146_cov_80.562720",15146,0.302754738296632,0.159713800630609
"259","Bacteria_NZ_CP041372_38_length_12443_cov_85.125444",12443,0.180970908064333,0.240358961920931
"260","Bacteria_NZ_CP041372_39_length_11575_cov_81.673177",11575,0.103543633973635,0.329008003880669
"261","Bacteria_NZ_CP041372_40_length_11488_cov_87.931514",11488,0.0387934351446882,0.495149163230657
"262","Bacteria_NZ_CP041372_41_length_6210_cov_83.143786",6210,0.0428869923620726,0.47926267281106
"263","Bacteria_NZ_CP041372_42_length_5198_cov_83.515069",5198,0.051240933641311,0.448702401164201
"264","Bacteria_NZ_CP041372_43_length_3864_cov_164.825413",3864,0.267971431872679,0.17948096046568
"265","Bacteria_NZ_CP041372_44_length_3165_cov_582.534405",3165,0.00254069392920366,0.8793354353626
"266","Bacteria_NZ_CP041372_45_length_3027_cov_75.930686",3027,0.00727176952975228,0.76885762794082
"267","Bacteria_NZ_CP041372_46_length_1763_cov_591.250585",1763,0.0702200723819666,0.617690437278272
"268","Bacteria_NZ_CP041372_47_length_1477_cov_658.886076",1477,0.588122233893106,0.116673974568502
"269","Bacteria_NZ_CP041372_48_length_1398_cov_247.227848",1398,0.960258896338545,0.00426515725276039
"270","Bacteria_NZ_CP041372_49_length_1372_cov_439.155657",1372,0.775762787825454,0.0511021644676526
"271","Bacteria_NZ_CP048810_1_length_566078_cov_32.428981",566078,0.016579138289323,0.648435605141887
"272","Bacteria_NZ_CP048810_2_length_522410_cov_32.162797",522410,0.0182217646351748,0.632185301964589
"273","Bacteria_NZ_CP048810_3_length_383561_cov_32.669943",383561,0.0213538785132547,0.604535532379335
"274","Bacteria_NZ_CP048810_4_length_354928_cov_31.999000",354928,0.0280137761717258,0.557846228474412
"275","Bacteria_NZ_CP048810_5_length_306324_cov_32.774189",306324,0.0271283704013043,0.56390977443609
"276","Bacteria_NZ_CP048810_6_length_285204_cov_32.653458",285204,0.0244176309219464,0.579311181178753
"277","Bacteria_NZ_CP048810_7_length_279599_cov_32.109564",279599,0.0332424593953599,0.525466893039049
"278","Bacteria_NZ_CP048810_8_length_266893_cov_33.341488",266893,0.0235310947931445,0.587072520009702
"279","Bacteria_NZ_CP048810_9_length_256992_cov_32.026431",256992,0.0195755800028806,0.618845500848896
"280","Bacteria_NZ_CP048810_10_length_256797_cov_32.258259",256797,0.0198950423246321,0.616177540625758
"281","Bacteria_NZ_CP048810_11_length_238057_cov_32.527071",238057,0.0199705202980128,0.615692456948824
"282","Bacteria_NZ_CP048810_12_length_226599_cov_32.123058",226599,0.0261111438252769,0.570579674993936
"283","Bacteria_NZ_CP048810_13_length_211128_cov_32.774329",211128,0.0419965810411531,0.483022071307301
"284","Bacteria_NZ_CP048810_14_length_199640_cov_31.908200",199640,0.0161237625340083,0.651346107203493
"285","Bacteria_NZ_CP048810_15_length_194777_cov_32.179482",194777,0.0105560005634902,0.716953674508853
"286","Bacteria_NZ_CP048810_16_length_194082_cov_31.574667",194082,0.0252844264069763,0.574339073490177
"287","Bacteria_NZ_CP048810_17_length_184296_cov_32.193187",184296,0.0187750745359822,0.627334465195246
"288","Bacteria_NZ_CP048810_18_length_183039_cov_32.410342",183039,0.0139533220583116,0.675357749211739
"289","Bacteria_NZ_CP048810_19_length_180746_cov_32.688175",180746,0.0202396070887857,0.613388309483386
"290","Bacteria_NZ_CP048810_20_length_152118_cov_32.779710",152118,0.0245461554491233,0.578462284744118
"291","Bacteria_NZ_CP048810_21_length_134701_cov_32.697139",134701,0.0115178376721332,0.704220227989328
"292","Bacteria_NZ_CP048810_22_length_132496_cov_32.203676",132496,0.0186635444184073,0.628062090710648
"293","Bacteria_NZ_CP048810_23_length_118063_cov_33.995263",118063,0.0141866875051769,0.673174872665535
"294","Bacteria_NZ_CP048810_24_length_110415_cov_31.590304",110415,0.0162027637829408,0.650861023526558
"295","Bacteria_NZ_CP048810_25_length_100149_cov_32.347264",100149,0.0184606648424431,0.630002425418385
"296","Bacteria_NZ_CP048810_26_length_93861_cov_34.778809",93861,0.0203936171382471,0.611326703856415
"297","Bacteria_NZ_CP048810_27_length_90068_cov_32.243609",90068,0.0211148924890773,0.606233325248605
"298","Bacteria_NZ_CP048810_28_length_83279_cov_31.704004",83279,0.0247033136984722,0.577128304632549
"299","Bacteria_NZ_CP048810_29_length_72536_cov_32.298451",72536,0.0193989342973486,0.621270919233568
"300","Bacteria_NZ_CP048810_30_length_69984_cov_31.582748",69984,0.0186277882179968,0.628425903468348
"301","Bacteria_NZ_CP048810_31_length_59123_cov_36.169279",59123,0.0210636165182521,0.606354596167839
"302","Bacteria_NZ_CP048810_32_length_51011_cov_31.386353",51011,0.0189491873670398,0.625030317729808
"303","Bacteria_NZ_CP048810_33_length_36665_cov_31.997105",36665,0.047421419185968,0.461678389522193
"304","Bacteria_NZ_CP048810_34_length_22885_cov_32.601007",22885,0.0159633667392516,0.653043900072763
"305","Bacteria_NZ_CP048810_35_length_19558_cov_31.890325",19558,0.00698386310535864,0.774678632064031
"306","Bacteria_NZ_CP048810_36_length_8392_cov_31.129303",8392,0.00150070280862988,0.918869755032743
"307","Bacteria_NZ_CP048810_37_length_7674_cov_32.072188",7674,0.173995362765304,0.245937424205675
"308","Bacteria_NZ_CP048810_38_length_6402_cov_32.720025",6402,0.25619567952822,0.186029590104293
"309","Bacteria_NZ_CP048810_39_length_4949_cov_32.919493",4949,0.0233549470271288,0.58937666747514
"310","Bacteria_NZ_CP048810_40_length_3582_cov_160.572158",3582,0.185306606332602,0.235871937909289
"311","Bacteria_NZ_CP048810_41_length_1930_cov_127.833067",1930,0.770355865972247,0.0526567544943596
"312","Bacteria_NZ_CP048810_42_length_1925_cov_166.765241",1925,0.0720443048698993,0.612189580260693
"313","Bacteria_NZ_CP048810_43_length_1374_cov_201.278241",1374,0.276568378850914,0.299716984892574
"314","Bacteria_NZ_CP048810_44_length_1324_cov_63.553191",1324,0.256862253964181,0.318611232909475
"315","Bacteria_NZ_CP048810_45_length_1079_cov_48.888672",1079,0.259946886900779,0.316099972097102
"316","Bacteria_NZ_CP053109_1_length_506193_cov_13.053132",506193,0.0326429142203584,0.529832646131458
"317","Bacteria_NZ_CP053109_2_length_481770_cov_12.873830",481770,0.0455851431422987,0.467984477322338
"318","Bacteria_NZ_CP053109_3_length_453562_cov_13.570404",453562,0.0277868345016833,0.559544021343682
"319","Bacteria_NZ_CP053109_4_length_369258_cov_12.920060",369258,0.0200167788139279,0.615328644191123
"320","Bacteria_NZ_CP053109_5_length_355643_cov_13.190833",355643,0.0329689187683381,0.527285956827553
"321","Bacteria_NZ_CP053109_6_length_348010_cov_13.377273",348010,0.029340098869243,0.548144554935726
"322","Bacteria_NZ_CP053109_7_length_339546_cov_12.968199",339546,0.0237606146144527,0.584768372544264
"323","Bacteria_NZ_CP053109_8_length_313128_cov_13.425374",313128,0.029972598975321,0.543778801843318
"324","Bacteria_NZ_CP053109_9_length_305277_cov_13.248160",305277,0.0262065542861864,0.570094591317002
"325","Bacteria_NZ_CP053109_10_length_287473_cov_13.282467",287473,0.0336748949491995,0.523526558331312
"326","Bacteria_NZ_CP053109_11_length_273656_cov_12.871134",273656,0.0426919268992882,0.479747756487994
"327","Bacteria_NZ_CP053109_12_length_266541_cov_13.175007",266541,0.0254550353838839,0.573490177055542
"328","Bacteria_NZ_CP053109_13_length_260009_cov_13.286424",260009,0.0774261399666333,0.381154499151104
"329","Bacteria_NZ_CP053109_14_length_226614_cov_13.011794",226614,0.0481716068868826,0.458767887460587
"330","Bacteria_NZ_CP053109_15_length_221678_cov_13.035204",221678,0.0298902804057397,0.544748969197187
"331","Bacteria_NZ_CP053109_16_length_195380_cov_13.226673",195380,0.0435765910571511,0.475988357991754
"332","Bacteria_NZ_CP053109_17_length_188955_cov_12.915696",188955,0.0744962254105403,0.386732961435848
"333","Bacteria_NZ_CP053109_18_length_187233_cov_13.656904",187233,0.0174496897956818,0.639582828037837
"334","Bacteria_NZ_CP053109_19_length_183240_cov_13.526593",183240,0.0550481610998829,0.436939121998545
"335","Bacteria_NZ_CP053109_20_length_173219_cov_13.371480",173219,0.050196350866088,0.451491632306573
"336","Bacteria_NZ_CP053109_21_length_170948_cov_12.625520",170948,0.0272044552762895,0.56354596167839
"337","Bacteria_NZ_CP053109_22_length_168395_cov_13.585440",168395,0.0237532066615265,0.584768372544264
"338","Bacteria_NZ_CP053109_23_length_164561_cov_12.965503",164561,0.0342265368578121,0.52073732718894
"339","Bacteria_NZ_CP053109_24_length_156476_cov_12.802405",156476,0.0139825928254558,0.674751394615571
"340","Bacteria_NZ_CP053109_25_length_144310_cov_13.574996",144310,0.0433380954753612,0.476837254426389
"341","Bacteria_NZ_CP053109_26_length_139677_cov_13.266226",139677,0.0224644217517093,0.596774193548387
"342","Bacteria_NZ_CP053109_27_length_139064_cov_13.007712",139064,0.0391008383043902,0.493936454038322
"343","Bacteria_NZ_CP053109_28_length_125506_cov_12.960279",125506,0.0344127903911193,0.520130972592772
"344","Bacteria_NZ_CP053109_29_length_116722_cov_12.802129",116722,0.0456701573074186,0.467741935483871
"345","Bacteria_NZ_CP053109_30_length_116599_cov_13.883109",116599,0.0235956404960158,0.586587436332767
"346","Bacteria_NZ_CP053109_31_length_112799_cov_13.507442",112799,0.0217878455287058,0.601139946640796
"347","Bacteria_NZ_CP053109_32_length_107416_cov_12.807165",107416,0.0317451055517023,0.534077128304632
"348","Bacteria_NZ_CP053109_33_length_105887_cov_13.092930",105887,0.0386115675945396,0.495876788746059
"349","Bacteria_NZ_CP053109_34_length_90503_cov_12.899080",90503,0.0404656712701628,0.489085617268979
"350","Bacteria_NZ_CP053109_35_length_71334_cov_16.506545",71334,0.0359538512001847,0.511399466407955
"351","Bacteria_NZ_CP053109_36_length_69578_cov_12.776592",69578,0.102385977248989,0.33106960950764
"352","Bacteria_NZ_CP053109_37_length_69035_cov_12.641374",69035,0.0268544585182286,0.56560756730536
"353","Bacteria_NZ_CP053109_38_length_62493_cov_12.892373",62493,0.0233010879314413,0.590104292990541
"354","Bacteria_NZ_CP053109_39_length_59007_cov_12.847639",59007,0.0357324950909996,0.51224836284259
"355","Bacteria_NZ_CP053109_40_length_58896_cov_13.591135",58896,0.0407116540756793,0.487994178995877
"356","Bacteria_NZ_CP053109_41_length_55602_cov_13.639062",55602,0.00840131820758573,0.74981809362115
"357","Bacteria_NZ_CP053109_42_length_54581_cov_12.914481",54581,0.0850877552010193,0.363934028619937
"358","Bacteria_NZ_CP053109_43_length_53509_cov_13.806432",53509,0.0232847796912158,0.590346834829008
"359","Bacteria_NZ_CP053109_44_length_52776_cov_12.958707",52776,0.129003406772882,0.292869269949066
"360","Bacteria_NZ_CP053109_45_length_50336_cov_12.694974",50336,0.0121753588221739,0.695609992723745
"361","Bacteria_NZ_CP053109_46_length_49958_cov_13.367553",49958,0.111902263525879,0.316880911957313
"362","Bacteria_NZ_CP053109_47_length_48741_cov_13.118371",48741,0.0743567990880835,0.386975503274315
"363","Bacteria_NZ_CP053109_48_length_48106_cov_12.758132",48106,0.0229646724525306,0.593014795052146
"364","Bacteria_NZ_CP053109_49_length_46846_cov_12.745699",46846,0.0930112645999883,0.347562454523405
"365","Bacteria_NZ_CP053109_50_length_44933_cov_14.337092",44933,0.0176698510929431,0.637642493330099
"366","Bacteria_NZ_CP053109_51_length_39583_cov_13.650830",39583,0.0647816860741273,0.406500121270919
"367","Bacteria_NZ_CP053109_52_length_38613_cov_13.870896",38613,0.0409860445761487,0.487024011642008
"368","Bacteria_NZ_CP053109_53_length_37383_cov_13.441626",37383,0.021005167725046,0.60671840892554
"369","Bacteria_NZ_CP053109_54_length_33604_cov_24.358192",33604,0.0103603257054948,0.720349260247393
"370","Bacteria_NZ_CP053109_55_length_30564_cov_14.007670",30564,0.0439332698331836,0.474533106960951
"371","Bacteria_NZ_CP053109_56_length_30408_cov_12.937502",30408,0.0282790356488853,0.556027164685908
"372","Bacteria_NZ_CP053109_57_length_29316_cov_12.543420",29316,0.0383428270746033,0.497089497938394
"373","Bacteria_NZ_CP053109_58_length_28553_cov_12.920872",28553,0.0238434264100329,0.584040747028862
"374","Bacteria_NZ_CP053109_59_length_27192_cov_13.002027",27192,0.0167095412683454,0.646980354111084
"375","Bacteria_NZ_CP053109_60_length_25554_cov_12.926978",25554,0.0437465143640055,0.474896919718651
"376","Bacteria_NZ_CP053109_61_length_23424_cov_12.617699",23424,0.0608698547200165,0.41874848411351
"377","Bacteria_NZ_CP053109_62_length_21779_cov_12.384552",21779,0.0485490108424709,0.457433907349018
"378","Bacteria_NZ_CP053109_63_length_21665_cov_12.667700",21665,0.0212469860764858,0.605626970652438
"379","Bacteria_NZ_CP053109_64_length_19064_cov_13.340049",19064,0.236550028021059,0.195852534562212
"380","Bacteria_NZ_CP053109_65_length_18683_cov_15.069948",18683,0.0285605934911024,0.554086829978171
"381","Bacteria_NZ_CP053109_66_length_18307_cov_12.987563",18307,0.0800062774520129,0.375212224108659
"382","Bacteria_NZ_CP053109_67_length_16752_cov_12.408876",16752,0.015663413731148,0.65668202764977
"383","Bacteria_NZ_CP053109_68_length_16492_cov_12.410902",16492,0.61011042836806,0.0648799417899588
"384","Bacteria_NZ_CP053109_69_length_15725_cov_14.077920",15725,0.0208478929299494,0.607688576279408
"385","Bacteria_NZ_CP053109_70_length_13997_cov_12.597690",13997,0.00363748896884567,0.848168809119573
"386","Bacteria_NZ_CP053109_71_length_12745_cov_12.530181",12745,0.0191827895205025,0.623089983022071
"387","Bacteria_NZ_CP053109_72_length_11902_cov_14.065249",11902,0.033459887052664,0.524254183846714
"388","Bacteria_NZ_CP053109_73_length_11658_cov_14.279238",11658,0.0186260007548452,0.628425903468348
"389","Bacteria_NZ_CP053109_74_length_10816_cov_25.490010",10816,0.0628460527754898,0.411714770797963
"390","Bacteria_NZ_CP053109_75_length_9761_cov_12.704513",9761,0.682714040517275,0.049114722289595
"391","Bacteria_NZ_CP053109_76_length_8985_cov_14.916349",8985,0.00520161541386657,0.810696095076401
"392","Bacteria_NZ_CP053109_77_length_8536_cov_12.058484",8536,0.0244085169473565,0.579311181178753
"393","Bacteria_NZ_CP053109_78_length_7605_cov_16.252450",7605,0.0106253955801622,0.715862236235751
"394","Bacteria_NZ_CP053109_79_length_7482_cov_13.477178",7482,0.00766101542571537,0.763521707494543
"395","Bacteria_NZ_CP053109_80_length_7027_cov_13.800201",7027,0.00931067528401646,0.736963376182391
"396","Bacteria_NZ_CP053109_81_length_6678_cov_13.176808",6678,0.252034504644666,0.188697550327431
"397","Bacteria_NZ_CP053109_82_length_4340_cov_25.420770",4340,0.488043218841309,0.0909531894251758
"398","Bacteria_NZ_CP053109_83_length_3407_cov_12.583532",3407,0.0555523734844994,0.434513703613873
"399","Bacteria_NZ_CP053109_84_length_3366_cov_80.456056",3366,0.00995560424632952,0.725442638855203
"400","Bacteria_NZ_CP053109_85_length_3217_cov_14.575269",3217,0.0437785453036935,0.474896919718651
"401","Bacteria_NZ_CP053109_86_length_2953_cov_12.609731",2953,0.113961788603025,0.512695818551441
"402","Bacteria_NZ_CP053109_87_length_2160_cov_16.166271",2160,0.123258252730354,0.496352692629649
"403","Bacteria_NZ_CP053109_88_length_2155_cov_48.726190",2155,0.113796870144435,0.51301470881333
"404","Bacteria_NZ_CP053109_89_length_1852_cov_74.218698",1852,0.111853733251275,0.516522501694105
"405","Bacteria_NZ_CP053109_90_length_1711_cov_25.787440",1711,0.39532772664047,0.211025630804799
"406","Bacteria_NZ_CP053109_91_length_1693_cov_42.130647",1693,0.0743231152135198,0.606170526567545
"407","Bacteria_NZ_CP053109_92_length_1492_cov_17.662491",1492,0.0637399185754197,0.638258859170088
"408","Bacteria_NZ_CP053109_93_length_1480_cov_55.531228",1480,0.0319334926956619,0.767010802407621
"409","Bacteria_NZ_CP053109_94_length_1457_cov_24.706134",1457,0.0648050821084853,0.63427273089648
"410","Bacteria_NZ_CP053109_95_length_1367_cov_29.036585",1367,0.5833956518496,0.118627177422569
"411","Bacteria_NZ_CP053109_96_length_1288_cov_169.778589",1288,0.135296128167851,0.473751345318292
"412","Bacteria_NZ_CP053109_97_length_1200_cov_41.131004",1200,0.208515993059187,0.370351177900905
"413","Bacteria_NZ_CP053609_1_length_521766_cov_53.853952",521766,0.0598680618376156,0.421901528013582
"414","Bacteria_NZ_CP053609_2_length_265505_cov_54.002660",265505,0.0769329905124909,0.382124666504972
"415","Bacteria_NZ_CP053609_3_length_223139_cov_54.865920",223139,0.0493865705372367,0.454523405287412
"416","Bacteria_NZ_CP053609_4_length_207840_cov_53.983993",207840,0.0547104909567527,0.43778801843318
"417","Bacteria_NZ_CP053609_5_length_161147_cov_55.111247",161147,0.0511236029302899,0.449066213921902
"418","Bacteria_NZ_CP053609_6_length_153179_cov_53.367362",153179,0.0464311970171155,0.465195246179966
"419","Bacteria_NZ_CP053609_7_length_150697_cov_54.116581",150697,0.0485378497270628,0.457433907349018
"420","Bacteria_NZ_CP053609_8_length_149163_cov_54.128611",149163,0.0457865120853743,0.467499393645404
"421","Bacteria_NZ_CP053609_9_length_148417_cov_53.879706",148417,0.0377968614516984,0.5
"422","Bacteria_NZ_CP053609_10_length_118060_cov_53.541045",118060,0.127005096413553,0.295901042929905
"423","Bacteria_NZ_CP053609_11_length_113355_cov_54.141977",113355,0.0327577541247681,0.528134853262188
"424","Bacteria_NZ_CP053609_12_length_111624_cov_56.007529",111624,0.0767012660149118,0.382488479262673
"425","Bacteria_NZ_CP053609_13_length_109656_cov_55.135026",109656,0.0684665781437089,0.398617511520737
"426","Bacteria_NZ_CP053609_14_length_105901_cov_54.512216",105901,0.0458295368781563,0.467256851806937
"427","Bacteria_NZ_CP053609_15_length_100996_cov_53.666488",100996,0.0250737646002912,0.575066699005578
"428","Bacteria_NZ_CP053609_16_length_87795_cov_54.614440",87795,0.0189147718296871,0.625272859568275
"429","Bacteria_NZ_CP053609_17_length_75422_cov_55.782491",75422,0.0589089131223644,0.423599320882852
"430","Bacteria_NZ_CP053609_18_length_63720_cov_52.953271",63720,0.0289507172465766,0.550206160562697
"431","Bacteria_NZ_CP053609_19_length_61149_cov_54.336531",61149,0.0416299106612761,0.48471986417657
"432","Bacteria_NZ_CP053609_20_length_56040_cov_55.065571",56040,0.0626153864208981,0.412078583555663
"433","Bacteria_NZ_CP053609_21_length_52766_cov_53.839654",52766,0.220772597395474,0.206645646374
"434","Bacteria_NZ_CP053609_22_length_49887_cov_53.376124",49887,0.0219510603967386,0.599805966529226
"435","Bacteria_NZ_CP053609_23_length_33401_cov_54.413063",33401,0.0701460750791975,0.395100654862964
"436","Bacteria_NZ_CP053609_24_length_21915_cov_55.789707",21915,0.374856910363724,0.128668445306815
"437","Bacteria_NZ_CP053609_25_length_15055_cov_54.552200",15055,0.0788277345805383,0.378001455251031
"438","Bacteria_NZ_CP053609_26_length_14257_cov_70.156105",14257,0.0366799550923852,0.507640067911715
"439","Bacteria_NZ_CP053609_27_length_13356_cov_49.430419",13356,0.0753566851997193,0.384792626728111
"440","Bacteria_NZ_CP053609_28_length_13355_cov_49.397970",13355,0.0753390969765975,0.384913897647344
"441","Bacteria_NZ_CP053609_29_length_3172_cov_215.991338",3172,0.0429935776361829,0.478535047295658
"442","Bacteria_NZ_CP053609_30_length_2820_cov_51.295118",2820,0.0321328609032689,0.766133854187428
"443","Bacteria_NZ_CP053609_31_length_2789_cov_114.566935",2789,0.168992911708038,0.423047793678001
"444","Bacteria_NZ_CP053609_32_length_2550_cov_55.033267",2550,0.0112332970036938,0.894766213576753
"445","Bacteria_NZ_CP053609_33_length_2483_cov_170.823311",2483,0.040205104164959,0.726113126320405
"446","Bacteria_NZ_CP053609_34_length_1958_cov_161.316343",1958,0.0828797323868756,0.582413202056842
"447","Bacteria_NZ_CP053609_35_length_1743_cov_218.317536",1743,0.0701660331386505,0.617889743691952
"448","Bacteria_NZ_CP053609_36_length_1362_cov_102.583780",1362,0.132427158127722,0.478295531550205
"449","Bacteria_NZ_CP053609_37_length_1057_cov_146.765469",1057,0.0893904685947907,0.567146330768924
"450","Bacteria_NZ_CP053610_1_length_687791_cov_211.730379",687791,0.0394465435298887,0.492966286684453
"451","Bacteria_NZ_CP053610_2_length_394512_cov_213.107226",394512,0.0490204543937715,0.455372301722047
"452","Bacteria_NZ_CP053610_3_length_218998_cov_210.415291",218998,0.0497409693980865,0.45343196701431
"453","Bacteria_NZ_CP053610_4_length_208132_cov_208.096469",208132,0.0447656052783586,0.471258792141644
"454","Bacteria_NZ_CP053610_5_length_108770_cov_209.284947",108770,0.0709211098491605,0.393645403832161
"455","Bacteria_NZ_CP053610_6_length_106207_cov_210.931325",106207,0.0380442202207691,0.49830220713073
"456","Bacteria_NZ_CP053610_7_length_104823_cov_210.214980",104823,0.0312421876511269,0.536745088527771
"457","Bacteria_NZ_CP053610_8_length_101587_cov_207.246031",101587,0.0132190843609126,0.68251273344652
"458","Bacteria_NZ_CP053610_9_length_71556_cov_215.102432",71556,0.041415670601244,0.485204947853505
"459","Bacteria_NZ_CP053610_10_length_71185_cov_208.918473",71185,0.0258843561773655,0.571428571428571
"460","Bacteria_NZ_CP053610_11_length_66922_cov_214.780056",66922,0.109728052620081,0.319306330341984
"461","Bacteria_NZ_CP053610_12_length_64681_cov_209.741250",64681,0.0346286578398228,0.518918263400437
"462","Bacteria_NZ_CP053610_13_length_2558_cov_212.461846",2558,0.172480625474176,0.418144855901463
"463","Bacteria_NZ_CP053611_1_length_512085_cov_300.466252",512085,0.0431315797993243,0.477686150861024
"464","Bacteria_NZ_CP053611_2_length_278642_cov_293.087588",278642,0.0305060834889153,0.541717196216347
"465","Bacteria_NZ_CP053611_3_length_209161_cov_304.754445",209161,0.0704645146265746,0.394251758428329
"466","Bacteria_NZ_CP053611_4_length_87973_cov_294.170147",87973,0.0353320192458977,0.514916323065729
"467","Bacteria_NZ_CP053611_5_length_72074_cov_294.868687",72074,0.0253274560689394,0.574339073490177
"468","Bacteria_NZ_CP053611_6_length_31242_cov_292.757912",31242,0.040395944831865,0.489328159107446
"469","Bacteria_NZ_CP053611_7_length_1222_cov_428.843188",1222,0.623118304914712,0.101925299956153
"470","Bacteria_NZ_CP059472_1_length_704994_cov_58.549750",704994,0.0385125401658882,0.496483143342227
"471","Bacteria_NZ_CP059472_2_length_623068_cov_58.811831",623068,0.0436343214277623,0.475139461557119
"472","Bacteria_NZ_CP059472_3_length_544518_cov_58.946305",544518,0.0349391057065242,0.5169779286927
"473","Bacteria_NZ_CP059472_4_length_286252_cov_58.823747",286252,0.0351169932026718,0.516129032258065
"474","Bacteria_NZ_CP059472_5_length_139020_cov_58.790962",139020,0.0416834119193692,0.484598593257337
"475","Bacteria_NZ_CP059472_6_length_124744_cov_59.648197",124744,0.0484533271327436,0.457797720106718
"476","Bacteria_NZ_CP059472_7_length_106183_cov_59.724484",106183,0.0615949080230113,0.416444336648072
"477","Bacteria_NZ_CP059472_8_length_51989_cov_58.171140",51989,0.0614770175595992,0.416565607567305
"478","Bacteria_NZ_CP059472_9_length_5783_cov_176.656599",5783,0.016388003836943,0.650254668930391
"479","Bacteria_NZ_CP059472_10_length_3099_cov_105.786137",3099,0.203865663039295,0.220713073005093
"480","Bacteria_NZ_CP059472_11_length_2333_cov_81.333626",2333,0.814455012899559,0.0395025311914537
"481","Bacteria_NZ_CP059472_12_length_1701_cov_126.408870",1701,0.0860376319067123,0.57440108422689
"482","Bacteria_NZ_CP061335_1_length_458078_cov_11.145226",458078,0.0179801913496326,0.63424690759156
"483","Bacteria_NZ_CP061335_2_length_448682_cov_11.617003",448682,0.020152200117299,0.614237205918021
"484","Bacteria_NZ_CP061335_3_length_338119_cov_11.915140",338119,0.0349449831598108,0.516856657773466
"485","Bacteria_NZ_CP061335_4_length_318281_cov_11.361711",318281,0.016160429550609,0.650861023526558
"486","Bacteria_NZ_CP061335_5_length_287633_cov_11.481410",287633,0.0218398250382771,0.600776133883095
"487","Bacteria_NZ_CP061335_6_length_284411_cov_11.659392",284411,0.0128771539216502,0.687242299296629
"488","Bacteria_NZ_CP061335_7_length_281995_cov_11.359098",281995,0.0234838147179662,0.587557603686636
"489","Bacteria_NZ_CP061335_8_length_279285_cov_11.376134",279285,0.0183836759728327,0.630366238176085
"490","Bacteria_NZ_CP061335_9_length_238504_cov_11.098034",238504,0.0159526537857087,0.65328644191123
"491","Bacteria_NZ_CP061335_10_length_210934_cov_11.624263",210934,0.0158599374995894,0.654499151103565
"492","Bacteria_NZ_CP061335_11_length_182722_cov_11.442647",182722,0.020585725606949,0.609750181906379
"493","Bacteria_NZ_CP061335_12_length_161325_cov_11.208997",161325,0.0294530716291487,0.547416929420325
"494","Bacteria_NZ_CP061335_13_length_150283_cov_11.182875",150283,0.02516853166766,0.574945428086345
"495","Bacteria_NZ_CP061335_14_length_143994_cov_11.161603",143994,0.025403685676037,0.573853989813243
"496","Bacteria_NZ_CP061335_15_length_143803_cov_11.578165",143803,0.0177493290913075,0.636793596895464
"497","Bacteria_NZ_CP061335_16_length_141875_cov_11.289198",141875,0.0246346428481338,0.577977201067184
"498","Bacteria_NZ_CP061335_17_length_123720_cov_11.011628",123720,0.0083975642932191,0.750060635459617
"499","Bacteria_NZ_CP061335_18_length_119620_cov_11.435445",119620,0.0407403718750903,0.48775163715741
"500","Bacteria_NZ_CP061335_19_length_112738_cov_11.419016",112738,0.0575149126493452,0.428328886732961
"501","Bacteria_NZ_CP061335_20_length_101987_cov_11.535690",101987,0.00814316966457307,0.754790201309726
"502","Bacteria_NZ_CP061335_21_length_101364_cov_11.352624",101364,0.0208043285999381,0.607809847198642
"503","Bacteria_NZ_CP061335_22_length_89043_cov_11.903470",89043,0.0365873980212511,0.508003880669415
"504","Bacteria_NZ_CP061335_23_length_86947_cov_11.260404",86947,0.0131799294737819,0.68287654620422
"505","Bacteria_NZ_CP061335_24_length_86698_cov_11.823586",86698,0.0545934648247456,0.438273102110114
"506","Bacteria_NZ_CP061335_25_length_84680_cov_11.810836",84680,0.0119082594098196,0.699005578462285
"507","Bacteria_NZ_CP061335_26_length_70412_cov_11.476228",70412,0.0113184408597803,0.706766917293233
"508","Bacteria_NZ_CP061335_27_length_65045_cov_11.803893",65045,0.00894516349439293,0.742056754790201
"509","Bacteria_NZ_CP061335_28_length_55929_cov_11.829277",55929,0.0457343817149527,0.467499393645404
"510","Bacteria_NZ_CP061335_29_length_55842_cov_11.883539",55842,0.0160698611885654,0.65158864904196
"511","Bacteria_NZ_CP061335_30_length_53303_cov_11.164832",53303,0.0171181070087138,0.643220955614844
"512","Bacteria_NZ_CP061335_31_length_49628_cov_11.171363",49628,0.00823826364810559,0.752849866601989
"513","Bacteria_NZ_CP061335_32_length_49467_cov_11.579920",49467,0.0275166031143762,0.561726897889886
"514","Bacteria_NZ_CP061335_33_length_46746_cov_11.406845",46746,0.0123363487127845,0.693427116177541
"515","Bacteria_NZ_CP061335_34_length_33485_cov_11.258780",33485,0.0112064443688936,0.708100897404802
"516","Bacteria_NZ_CP061335_35_length_23988_cov_10.799983",23988,0.0299922465873032,0.543778801843318
"517","Bacteria_NZ_CP061335_36_length_22098_cov_11.911355",22098,0.0249610224910461,0.575551782682513
"518","Bacteria_NZ_CP061335_37_length_17340_cov_11.298756",17340,0.0309982917218639,0.538685423235508
"519","Bacteria_NZ_CP061335_38_length_16778_cov_11.352568",16778,0.0104899251303249,0.718530196458889
"520","Bacteria_NZ_CP061335_39_length_16215_cov_11.754579",16215,0.00215984568466164,0.89328159107446
"521","Bacteria_NZ_CP061335_40_length_14778_cov_12.507845",14778,0.00530745360642033,0.808755760368664
"522","Bacteria_NZ_CP061335_41_length_13891_cov_14.637323",13891,0.0247190140140204,0.577128304632549
"523","Bacteria_NZ_CP061335_42_length_13411_cov_11.008086",13411,0.0270485622942587,0.564516129032258
"524","Bacteria_NZ_CP061335_43_length_13101_cov_10.554959",13101,0.0543058602924387,0.439121998544749
"525","Bacteria_NZ_CP061335_44_length_6355_cov_9.759206",6355,0.00190350411356496,0.903347077370847
"526","Bacteria_NZ_CP061335_45_length_5632_cov_18.034068",5632,0.0727450701701984,0.389400921658986
"527","Bacteria_NZ_CP061335_46_length_4340_cov_12.618203",4340,0.00547102488762155,0.805966529226292
"528","Bacteria_NZ_CP061335_47_length_4028_cov_17.375787",4028,0.00298864480249368,0.866116905166141
"529","Bacteria_NZ_CP061335_48_length_3359_cov_86.636501",3359,0.30115710353779,0.161169051661412
"530","Bacteria_NZ_CP061335_49_length_2539_cov_27.729871",2539,0.401917313521276,0.2071590863794
"531","Bacteria_NZ_CP061335_50_length_1853_cov_86.504449",1853,0.0954422150276768,0.552676685135728
"532","Bacteria_NZ_CP061335_51_length_1260_cov_57.785062",1260,0.0336003007489522,0.758360904053892
"533","Bacteria_NZ_CP061335_52_length_1250_cov_43.580753",1250,0.0525470879718054,0.67696416470682
"534","Bacteria_NZ_CP061476_1_length_284943_cov_13.193992",284943,0.00212334952172797,0.894494300266796
"535","Bacteria_NZ_CP061476_2_length_257403_cov_13.573379",257403,0.00565275055948252,0.802570943487752
"536","Bacteria_NZ_CP061476_3_length_222139_cov_13.666968",222139,0.00425458726477262,0.830463254911472
"537","Bacteria_NZ_CP061476_4_length_221075_cov_13.189571",221075,0.00677700908344637,0.779044385156439
"538","Bacteria_NZ_CP061476_5_length_176431_cov_13.181652",176431,0.00138630052586578,0.922629153528984
"539","Bacteria_NZ_CP061476_6_length_170143_cov_13.086849",170143,0.0131519277099973,0.683604171719622
"540","Bacteria_NZ_CP061476_7_length_169893_cov_13.607349",169893,0.00364734592011117,0.847926267281106
"541","Bacteria_NZ_CP061476_8_length_165021_cov_16.188718",165021,0.00187167001093899,0.904317244724715
"542","Bacteria_NZ_CP061476_9_length_157709_cov_13.261909",157709,0.0138261040137657,0.67608537472714
"543","Bacteria_NZ_CP061476_10_length_156097_cov_12.897854",156097,0.00280830647511086,0.869997574581615
"544","Bacteria_NZ_CP061476_11_length_127385_cov_13.549855",127385,0.00860131018259704,0.747877758913413
"545","Bacteria_NZ_CP061476_12_length_123795_cov_14.996274",123795,0.0558692334678289,0.433543536260005
"546","Bacteria_NZ_CP061476_13_length_116591_cov_13.207429",116591,0.0177415601680889,0.636793596895464
"547","Bacteria_NZ_CP061476_14_length_113511_cov_12.939607",113511,0.00523618881066975,0.810211011399466
"548","Bacteria_NZ_CP061476_15_length_107628_cov_15.024885",107628,0.00863933261506068,0.747150133398011
"549","Bacteria_NZ_CP061476_16_length_89993_cov_12.919722",89993,0.0170361731819857,0.643948581130245
"550","Bacteria_NZ_CP061476_17_length_79528_cov_14.414669",79528,0.00412166061479757,0.834829008003881
"551","Bacteria_NZ_CP061476_18_length_79135_cov_15.093816",79135,0.0106809447413932,0.714528256124181
"552","Bacteria_NZ_CP061476_19_length_75670_cov_13.262805",75670,0.00208128166566942,0.896798447732234
"553","Bacteria_NZ_CP061476_20_length_66144_cov_13.743467",66144,0.00541258634572686,0.806451612903226
"554","Bacteria_NZ_CP061476_21_length_63796_cov_13.399005",63796,0.0218652529614534,0.600654862963861
"555","Bacteria_NZ_CP061476_22_length_60967_cov_12.492185",60967,0.0052726102875677,0.809240844045598
"556","Bacteria_NZ_CP061476_23_length_57045_cov_13.595999",57045,0.0149936725365004,0.664928450157652
"557","Bacteria_NZ_CP061476_24_length_52572_cov_13.429785",52572,0.00327439420853515,0.858961920931361
"558","Bacteria_NZ_CP061476_25_length_52361_cov_13.655412",52361,0.00836544168204926,0.750666990055785
"559","Bacteria_NZ_CP061476_26_length_52042_cov_13.456980",52042,0.00469422174041019,0.820155226776619
"560","Bacteria_NZ_CP061476_27_length_45074_cov_13.591950",45074,0.00424670777067449,0.830827067669173
"561","Bacteria_NZ_CP061476_28_length_40476_cov_12.870364",40476,0.00690631413479821,0.776497695852535
"562","Bacteria_NZ_CP061476_29_length_38563_cov_14.421237",38563,0.00582832732398352,0.798569003153044
"563","Bacteria_NZ_CP061476_30_length_38081_cov_13.844974",38081,0.000829560317103003,0.949793839437303
"564","Bacteria_NZ_CP061476_31_length_35997_cov_13.433699",35997,0.00269151909686597,0.873150618481688
"565","Bacteria_NZ_CP061476_32_length_29402_cov_13.242887",29402,0.0237154074954329,0.585132185301965
"566","Bacteria_NZ_CP061476_33_length_27666_cov_12.531201",27666,0.00751111533897651,0.765098229444579
"567","Bacteria_NZ_CP061476_34_length_23755_cov_17.680802",23755,0.00524146839381602,0.810089740480233
"568","Bacteria_NZ_CP061476_35_length_23039_cov_12.932649",23039,0.0109850443290317,0.710647586708707
"569","Bacteria_NZ_CP061476_36_length_22418_cov_12.770469",22418,0.0124583464844395,0.692093136065971
"570","Bacteria_NZ_CP061476_37_length_15076_cov_13.663604",15076,0.0136512117196337,0.67741935483871
"571","Bacteria_NZ_CP061476_38_length_12556_cov_13.205664",12556,0.006936786586369,0.775770070337133
"572","Bacteria_NZ_CP061476_39_length_11725_cov_14.229477",11725,0.174761797562391,0.245573611447975
"573","Bacteria_NZ_CP061476_40_length_10715_cov_13.313508",10715,0.131112361725214,0.289958767887461
"574","Bacteria_NZ_CP061476_41_length_7834_cov_12.450958",7834,0.016352659023203,0.650254668930391
"575","Bacteria_NZ_CP061476_42_length_6970_cov_13.324367",6970,0.191065577119942,0.231748726655348
"576","Bacteria_NZ_CP061476_43_length_4256_cov_15.020471",4256,0.0812797511485463,0.37218045112782
"577","Bacteria_NZ_CP061476_44_length_2934_cov_114.862452",2934,0.0282812692551471,0.784629489376968
"578","Bacteria_NZ_CP061476_45_length_1716_cov_24.817580",1716,0.103267892519109,0.534619524056284
"579","Bacteria_NZ_CP061476_46_length_1578_cov_114.736047",1578,0.0207637347148317,0.828078287559294
"580","Bacteria_NZ_CP061476_47_length_1308_cov_26.850758",1308,0.0732985764427426,0.60876150994539
"581","Bacteria_NZ_CP061476_48_length_1276_cov_36.833743",1276,0.0420581692531562,0.717702395663092
"582","Bacteria_NZ_CP061476_49_length_1240_cov_82.046414",1240,0.285190160483349,0.29274126041376
"583","Bacteria_NZ_CP061476_50_length_1218_cov_19.012038",1218,0.224276966949295,0.352214294255989
"584","Bacteria_NZ_LR824639_1_length_483922_cov_84.880860",483922,0.00969780545825482,0.728353140916808
"585","Bacteria_NZ_LR824639_2_length_379192_cov_85.110741",379192,0.00474704448885863,0.819670143099685
"586","Bacteria_NZ_LR824639_3_length_362426_cov_85.819961",362426,0.00521788787975343,0.810574824157167
"587","Bacteria_NZ_LR824639_4_length_224279_cov_85.316701",224279,0.00621136454228377,0.790928935241329
"588","Bacteria_NZ_LR824639_5_length_223172_cov_85.359663",223172,0.00567839824197638,0.801722047053117
"589","Bacteria_NZ_LR824639_6_length_203906_cov_86.542381",203906,0.00262531452677916,0.875818578704827
"590","Bacteria_NZ_LR824639_7_length_189933_cov_85.479439",189933,0.00278267642405641,0.87048265825855
"591","Bacteria_NZ_LR824639_8_length_162215_cov_85.612648",162215,0.00585650749418346,0.797841377637643
"592","Bacteria_NZ_LR824639_9_length_151257_cov_86.163225",151257,0.00791853404551604,0.759519767159835
"593","Bacteria_NZ_LR824639_10_length_150669_cov_85.021937",150669,0.00296274113821852,0.866965801600776
"594","Bacteria_NZ_LR824639_11_length_139131_cov_84.575534",139131,0.00389333012761438,0.841498908561727
"595","Bacteria_NZ_LR824639_12_length_117649_cov_85.646036",117649,0.0040184178126519,0.837375697307786
"596","Bacteria_NZ_LR824639_13_length_109084_cov_86.034982",109084,0.00669137647073554,0.78110599078341
"597","Bacteria_NZ_LR824639_14_length_108155_cov_86.041748",108155,0.0169102392830857,0.645282561241814
"598","Bacteria_NZ_LR824639_15_length_104070_cov_85.370110",104070,0.00787864781661264,0.760247392675236
"599","Bacteria_NZ_LR824639_16_length_103492_cov_85.377989",103492,0.0028871582768509,0.868057239873878
"600","Bacteria_NZ_LR824639_17_length_84531_cov_85.806785",84531,0.00506944944991485,0.81372786805724
"601","Bacteria_NZ_LR824639_18_length_82714_cov_86.312585",82714,0.00238444208170194,0.885398981324278
"602","Bacteria_NZ_LR824639_19_length_81149_cov_86.573051",81149,0.00422787717794869,0.831433422265341
"603","Bacteria_NZ_LR824639_20_length_76441_cov_83.821878",76441,0.0126895991957191,0.689425175842833
"604","Bacteria_NZ_LR824639_21_length_72459_cov_85.536310",72459,0.00197512249772112,0.900679117147708
"605","Bacteria_NZ_LR824639_22_length_72076_cov_88.567085",72076,0.0414091286477696,0.485326218772738
"606","Bacteria_NZ_LR824639_23_length_71493_cov_85.814119",71493,0.00251552729564002,0.880790686393403
"607","Bacteria_NZ_LR824639_24_length_70767_cov_84.520067",70767,0.00653314461623029,0.784137763764249
"608","Bacteria_NZ_LR824639_25_length_66458_cov_85.283406",66458,0.00501977479091332,0.814334222653408
"609","Bacteria_NZ_LR824639_26_length_60521_cov_86.493153",60521,0.00197397512734231,0.900679117147708
"610","Bacteria_NZ_LR824639_27_length_60521_cov_83.543429",60521,0.0154385807919971,0.659592529711375
"611","Bacteria_NZ_LR824639_28_length_60179_cov_84.429928",60179,0.00387964969564569,0.841862721319428
"612","Bacteria_NZ_LR824639_29_length_59892_cov_87.575647",59892,0.00396164811445373,0.838830948338588
"613","Bacteria_NZ_LR824639_30_length_58615_cov_85.665301",58615,0.00849888078954506,0.748847926267281
"614","Bacteria_NZ_LR824639_31_length_58245_cov_85.784894",58245,0.00632946730996711,0.788867329614358
"615","Bacteria_NZ_LR824639_32_length_57016_cov_83.189481",57016,0.020819298618519,0.607809847198642
"616","Bacteria_NZ_LR824639_33_length_53037_cov_85.333755",53037,0.00407102778664636,0.835556633519282
"617","Bacteria_NZ_LR824639_34_length_52601_cov_85.077475",52601,0.00242756256493871,0.883822459374242
"618","Bacteria_NZ_LR824639_35_length_49437_cov_86.959337",49437,0.0177045315878656,0.637157409653165
"619","Bacteria_NZ_LR824639_36_length_46068_cov_86.307457",46068,0.00389602040293147,0.841498908561727
"620","Bacteria_NZ_LR824639_37_length_43953_cov_86.629209",43953,0.00541998046620949,0.806451612903226
"621","Bacteria_NZ_LR824639_38_length_42573_cov_83.365304",42573,0.00432079415479829,0.828522920203735
"622","Bacteria_NZ_LR824639_39_length_37621_cov_86.895544",37621,0.00180405432899571,0.90686393402862
"623","Bacteria_NZ_LR824639_40_length_35235_cov_84.902587",35235,0.00537115340434144,0.807300509337861
"624","Bacteria_NZ_LR824639_41_length_32509_cov_85.239755",32509,0.00575574865821941,0.800266796022314
"625","Bacteria_NZ_LR824639_42_length_32285_cov_83.730158",32285,0.00300852387172136,0.865268008731506
"626","Bacteria_NZ_LR824639_43_length_31555_cov_84.325206",31555,0.00241419581056303,0.88442881397041
"627","Bacteria_NZ_LR824639_44_length_29751_cov_86.197602",29751,0.00917873785347233,0.739267523647829
"628","Bacteria_NZ_LR824639_45_length_16672_cov_82.592706",16672,0.00222348981809501,0.890856172689789
"629","Bacteria_NZ_LR824639_46_length_16254_cov_86.857275",16254,0.00606248654115833,0.794567062818336
"630","Bacteria_NZ_LR824639_47_length_14272_cov_87.878033",14272,0.00049545617701171,0.968590831918506
"631","Bacteria_NZ_LR824639_48_length_6056_cov_80.991001",6056,0.0031141233902599,0.862236235750667
"632","Bacteria_NZ_LR824639_49_length_5903_cov_168.455198",5903,0.0746027506485036,0.386369148678147
"633","Bacteria_NZ_LR824639_50_length_5253_cov_161.413428",5253,0.254188491282202,0.187363570215862
"634","Bacteria_NZ_LR824639_51_length_4535_cov_84.523884",4535,0.000355248012919737,0.978413776376425
"635","Bacteria_NZ_LR824639_52_length_2075_cov_98.400000",2075,0.041861056973819,0.718778650296967
"636","Bacteria_NZ_LR824639_53_length_1757_cov_82.039953",1757,0.720361246892694,0.0687607127197353
"637","Phage_NC_047747_1_length_40338_cov_731.024576",40338,0.998633060665159,0.000485083676934271
"638","Phage_NC_047933_1_length_43182_cov_363.705219",43182,0.994871436033304,0.00133398011156925
"639","Phage_NC_047954_1_length_46643_cov_895.586589",46643,0.996096234487524,0.000970167353868542
"640","Phage_NC_048168_1_length_43432_cov_134.048920",43432,0.983012344754782,0.0033955857385399
"641","Phage_NC_048639_1_length_42158_cov_158.379332",42158,0.95755649495046,0.00654862963861266
"642","Phage_NC_048639_2_length_14245_cov_152.479986",14245,0.940843750664157,0.00848896434634975
"643","Phage_NC_048639_3_length_11572_cov_158.288790",11572,0.753569492802419,0.0362600048508368
"644","Phage_NC_048639_4_length_2634_cov_123.806126",2634,0.851401442633424,0.0294176266592259
"645","Phage_NC_048641_1_length_40095_cov_228.860789",40095,0.679648125269872,0.0494785350472957
"646","Phage_NC_048641_2_length_1134_cov_190.405931",1134,0.258769263405215,0.316857336469088
"647","Phage_NC_048675_1_length_66181_cov_208.833122",66181,0.973940000706553,0.00436575309240844
"648","Phage_NC_048706_1_length_45935_cov_689.462511",45935,0.993505243929238,0.00157652195003638
"649","Phage_NC_049456_1_length_75471_cov_59.919155",75471,0.773283718063539,0.0328644191122969
"650","Phage_NC_049976_1_length_18751_cov_1040.653883",18751,0.987711850507268,0.00278923114237206
